{
  "placeholderImages": [
    {
      "id": "user-avatar-1",
      "description": "Female user avatar placeholder",
      "imageUrl": "https://images.unsplash.com/photo-1600180758890-6b94519a8ba6?crop=entropy&cs=tinysrgb&fit=max&fm=jpg&ixid=M3w3NDE5ODJ8MHwxfHNlYXJjaHwxfHxwZXJzb24lMjBwb3J0cmFpdHxlbnwwfHx8fDE3NTkzOTU3Nzd8MA&ixlib=rb-4.1.0&q=80&w=1080",
      "imageHint": "person portrait"
    },
    {
      "id": "user-avatar-2",
      "description": "Male user avatar placeholder",
      "imageUrl": "https://images.unsplash.com/photo-1600180758890-6b94519a8ba6?crop=entropy&cs=tinysrgb&fit=max&fm=jpg&ixid=M3w3NDE5ODJ8MHwxfHNlYXJjaHwxfHxwZXJzb24lMjBwb3J0cmFpdHxlbnwwfHx8fDE3NTkzOTU3Nzd8MA&ixlib=rb-4.1.0&q=80&w=1080",
      "imageHint": "person portrait"
    },
    {
      "id": "user-avatar-3",
      "description": "User avatar placeholder",
      "imageUrl": "https://images.unsplash.com/photo-1521119989659-a83eee488004?crop=entropy&cs=tinysrgb&fit=max&fm=jpg&ixid=M3w3NDE5ODJ8MHwxfHNlYXJjaHwxMHx8cGVyc29uJTIwcG9ydHJhaXR8ZW58MHx8fHwxNzU5Mzk1Nzc3fDA&ixlib=rb-4.1.0&q=80&w=1080",
      "imageHint": "person portrait"
    },
    {
      "id": "user-avatar-4",
      "description": "User avatar placeholder",
      "imageUrl": "https://images.unsplash.com/photo-1438761681033-6461ffad8d80?crop=entropy&cs=tinysrgb&fit=max&fm=jpg&ixid=M3w3NDE5ODJ8MHwxfHNlYXJjaHw0fHxwZXJzb24lMjBwb3J0cmFpdHxlbnwwfHx8fDE3NTkzOTU3Nzd8MA&ixlib=rb-4.1.0&q=80&w=1080",
      "imageHint": "person portrait"
    },
    {
      "id": "video-thumbnail-1",
      "description": "Abstract thumbnail for a math video",
      "imageUrl": "https://images.unsplash.com/photo-1732811798171-59c76d23d200?crop=entropy&cs=tinysrgb&fit=max&fm=jpg&ixid=M3w3NDE5ODJ8MHwxfHNlYXJjaHw4fHxlZHVjYXRpb24lMjBhYnN0cmFjdHxlbnwwfHx8fDE3NTk0MDMzODd8MA&ixlib=rb-4.1.0&q=80&w=1080",
      "imageHint": "education abstract"
    },
    {
      "id": "video-thumbnail-2",
      "description": "Abstract thumbnail for a science video",
      "imageUrl": "https://images.unsplash.com/photo-1711408524517-caec3d9700ea?crop=entropy&cs=tinysrgb&fit=max&fm=jpg&ixid=M3w3NDE5ODJ8MHwxfHNlYXJjaHw0fHxzY2llbmNlJTIwYWJzdHJhY3R8ZW58MHx8fHwxNzU5Mzk4NTM0fDA&ixlib=rb-4.1.0&q=80&w=1080",
      "imageHint": "science abstract"
    },
    {
      "id": "video-thumbnail-3",
      "description": "Abstract thumbnail for a math lesson",
      "imageUrl": "https://images.unsplash.com/photo-1509228468518-180dd4864904?crop=entropy&cs=tinysrgb&fit=max&fm=jpg&ixid=M3w3NDE5ODJ8MHwxfHNlYXJjaHw1fHxhYnN0cmFjdCUyMG1hdGh8ZW58MHx8fHwxNzU5NjU4NjM1fDA&ixlib=rb-4.1.0&q=80&w=1080",
      "imageHint": "abstract math"
    }
  ]
}